-- =============================================
-- Seed Departments (with original UUIDs)
-- =============================================
INSERT INTO public.departments (id, department_code, department_name, description, is_active, created_at, updated_at) VALUES
  ('4e6e93fc-4e6c-4a02-9686-108840cf1858', 'MGMT', 'Management', 'Executive management and leadership', true, now(), now()),
  ('ded3e33b-f066-4568-961a-c63fdf94a891', 'IT', 'Information Technology', 'Software development and IT operations', true, now(), now()),
  ('2f761249-107b-4a46-8b35-16d59241922d', 'FIN', 'Finance & Accounts', 'Finance, accounting, and treasury', true, now(), now()),
  ('bd103202-74ea-4278-965e-3782cd49e16c', 'OPS', 'Operations', 'Business operations and processes', true, now(), now()),
  ('68bea638-df54-4a44-bf00-7ea08093aa51', 'MKT', 'Marketing', 'Marketing and business development', true, now(), now()),
  ('fa5924be-7e00-4b3b-a040-6d785e83b051', 'HR', 'Human Resources', 'HR management and recruitment', true, now(), now()),
  ('d90d0061-eeab-4119-9b8e-ecafd2051b27', 'ADMIN', 'Administration', 'Office administration and support', true, now(), now()),
  ('0143bef0-253b-47cb-953d-40d182c6b669', 'SALES', 'Sales', 'Sales and client relations', true, now(), now())
ON CONFLICT (id) DO NOTHING;

-- =============================================
-- Seed Positions (with original UUIDs)
-- =============================================
INSERT INTO public.positions (id, position_code, position_title, department_id, is_active, created_at, updated_at) VALUES
  ('d838d05a-1de3-43b4-9d89-2773660f4ae1', 'CEO', 'Chief Executive Officer', '4e6e93fc-4e6c-4a02-9686-108840cf1858', true, now(), now()),
  ('296fe7b4-3e72-41cd-a4d4-edde688b5700', 'COO', 'Chief Operating Officer', '4e6e93fc-4e6c-4a02-9686-108840cf1858', true, now(), now()),
  ('b251c2ab-3cfd-4547-aa3d-bd36804842f4', 'CTO', 'Chief Technology Officer', 'ded3e33b-f066-4568-961a-c63fdf94a891', true, now(), now()),
  ('e2fc7834-5684-4b64-9d9f-015094adf8c3', 'SWE', 'Software Engineer', 'ded3e33b-f066-4568-961a-c63fdf94a891', true, now(), now()),
  ('1314db04-28cd-4aad-803e-78e72da905a1', 'ACCT', 'Accountant', '2f761249-107b-4a46-8b35-16d59241922d', true, now(), now()),
  ('f53020d3-0b65-4bc3-98ac-57634fdfb6c0', 'OPEX', 'Operations Executive', 'bd103202-74ea-4278-965e-3782cd49e16c', true, now(), now()),
  ('9e3cc0ef-86df-472f-b7e9-046d65a9bc30', 'MKEX', 'Marketing Executive', '68bea638-df54-4a44-bf00-7ea08093aa51', true, now(), now()),
  ('487e42af-20bd-4ca3-ac69-755c5a2ebe8a', 'MKMG', 'Marketing Manager', '68bea638-df54-4a44-bf00-7ea08093aa51', true, now(), now()),
  ('dbb3b2cc-4afd-40be-9f5b-49ec62793012', 'HREX', 'HR Executive', 'fa5924be-7e00-4b3b-a040-6d785e83b051', true, now(), now()),
  ('8dade495-77bc-487f-89bf-5f3ccda7437f', 'ADMN', 'Admin Officer', 'd90d0061-eeab-4119-9b8e-ecafd2051b27', true, now(), now()),
  ('9a1723a1-69b8-4391-adfa-27bd82693618', 'SLEX', 'Sales Executive', '0143bef0-253b-47cb-953d-40d182c6b669', true, now(), now()),
  ('1ffb98e0-f75b-436c-baab-a0833f0ba303', 'SLMG', 'Sales Manager', '0143bef0-253b-47cb-953d-40d182c6b669', true, now(), now())
ON CONFLICT (id) DO NOTHING;

-- =============================================
-- Seed Employees
-- =============================================
INSERT INTO public.employees (id, user_id, employee_code, first_name, last_name, email, phone, date_of_birth, hire_date, department_id, position_id, employment_type, status, address, emergency_contact_name, emergency_contact_phone, created_at, updated_at, company_email, salary, bank_account_number, bank_name, bank_branch, tin_number, nid_number, blood_group, registration_status, salary_accepted, onboarding_completed) VALUES
  ('a876726c-e271-4c46-b26e-a845d764173e', '240dcb74-81eb-48b4-8f71-420512428581', 'EDU01', 'Syed Adnan', 'Huda', 'syed@eduintbd.com', '+8801730325232', NULL, '2025-11-25', '4e6e93fc-4e6c-4a02-9686-108840cf1858', 'd838d05a-1de3-43b4-9d89-2773660f4ae1', 'full_time', 'active', NULL, NULL, NULL, '2025-11-25 04:28:27+00', now(), NULL, 0, NULL, NULL, NULL, NULL, NULL, NULL, 'approved', false, true),
  ('d080fd82-2f40-409e-8353-e80b767ca079', '80d8cc64-a428-48d6-ae4a-79855fa7a8da', 'EDU02', 'Najmul', 'Hoque', 'najmul@eduintbd.com', '+8801841661168', NULL, '2025-07-30', 'ded3e33b-f066-4568-961a-c63fdf94a891', 'b251c2ab-3cfd-4547-aa3d-bd36804842f4', 'full_time', 'active', NULL, NULL, NULL, '2025-11-25 11:38:01+00', now(), 'najmul@eduintbd.com', 0, NULL, NULL, NULL, NULL, NULL, NULL, 'approved', false, true),
  ('77c4704b-448b-431d-aaaf-81d819e7ff89', 'ff8449c4-4892-4848-b13e-72f95da6e0d1', 'EDU03', 'Rakibul', 'Islam', 'rakib@eduintbd.com', '01610343414', '1989-06-15', '2025-07-30', 'ded3e33b-f066-4568-961a-c63fdf94a891', 'e2fc7834-5684-4b64-9d9f-015094adf8c3', 'full_time', 'active', '409/Ga/1, SP Road, Kallyanpur', '01915613829', '01730325232', '2025-11-25 14:16:01+00', now(), 'rakib@eduintbd.com', 0, '1505102041282001', 'BRAC Bank Ltd.', 'Motijheel', '1234567890', '3747914475', 'O+', 'approved', true, true),
  ('a0c44dcd-e28e-4f20-989c-c5edad9c16cd', '6c923aab-e508-468f-9bc7-8a8185303fa2', 'EDU04', 'Marshal', 'Maruf', 'marshal@eduintbd.com', '01712906748', NULL, '2025-07-30', '4e6e93fc-4e6c-4a02-9686-108840cf1858', '296fe7b4-3e72-41cd-a4d4-edde688b5700', 'full_time', 'active', NULL, NULL, NULL, '2025-11-25 14:16:39+00', now(), 'marshal@eduintbd.com', 0, NULL, NULL, NULL, NULL, NULL, NULL, 'approved', false, false),
  ('cb352c87-894c-49ea-9dc4-b06978fd8a0f', 'afe29622-9403-45d6-af7c-ac38dd082997', 'EDU05', 'Pronay', 'Saha', 'praggosaha@gmail.com', '+8801684100837', NULL, '2025-07-30', '2f761249-107b-4a46-8b35-16d59241922d', '1314db04-28cd-4aad-803e-78e72da905a1', 'full_time', 'active', NULL, NULL, NULL, '2025-11-25 14:23:40+00', now(), 'praggosaha@gmail.com', 0, NULL, NULL, NULL, NULL, NULL, NULL, 'approved', false, false),
  ('ff9f237c-cb6b-4d40-adb6-822dc6ebf655', '2cfd3e52-e058-4c64-ad52-30590dfd6194', 'EDU06', 'Ashiqur', 'Tanim', 'ashiqur.tanim@gmail.com', '+8801307437138', NULL, '2025-11-25', 'bd103202-74ea-4278-965e-3782cd49e16c', 'f53020d3-0b65-4bc3-98ac-57634fdfb6c0', 'full_time', 'active', NULL, NULL, NULL, '2025-11-27 07:59:35+00', now(), 'ashiqur.tanim@gmail.com', 0, NULL, NULL, NULL, NULL, NULL, NULL, 'approved', false, false),
  ('1400c13c-8267-4452-b6ea-e9707fbeaf43', 'fb39ec6c-428d-4ccd-90b2-110e72ba8d14', 'EDU07', 'Mahfuz', 'Islam', 'imahfuz911@gmail.com', '01648483720', NULL, '2025-12-01', '0143bef0-253b-47cb-953d-40d182c6b669', '9a1723a1-69b8-4391-adfa-27bd82693618', 'full_time', 'active', NULL, NULL, NULL, '2025-11-27 10:49:01+00', now(), 'imahfuz911@gmail.com', 2000, NULL, NULL, NULL, NULL, NULL, NULL, 'approved', false, false),
  ('ebb396ee-0f7e-4412-826e-976abc9edb72', '49d13174-daaf-4027-9bf8-16d91db9a241', 'EDU08', 'Pamel', 'Ahmed', 'limonahmed2642025@gmail.com', '01672011579', NULL, '2025-12-01', 'fa5924be-7e00-4b3b-a040-6d785e83b051', 'dbb3b2cc-4afd-40be-9f5b-49ec62793012', 'full_time', 'active', NULL, NULL, NULL, '2025-11-27 11:05:20+00', now(), 'imahfuz911@gmail.com', 2000, NULL, NULL, NULL, NULL, NULL, NULL, 'approved', false, false),
  ('157f195d-54e3-4770-abbe-6e1fa8525e46', '78a0cdc8-15c7-4de5-bb28-fd87f73b649f', 'EDU09', 'Tonmoy', 'Zaman', 'zaman.tonmoy@yahoo.com', '01799900085', NULL, '2025-12-01', '68bea638-df54-4a44-bf00-7ea08093aa51', '487e42af-20bd-4ca3-ac69-755c5a2ebe8a', 'full_time', 'active', NULL, NULL, NULL, '2025-11-27 11:25:15+00', now(), 'zaman.tonmoy@yahoo.com', 0, NULL, NULL, NULL, NULL, NULL, NULL, 'approved', false, false),
  ('6e694501-283b-445c-8067-452e0e323eda', '2f777ea9-d731-415e-ac7e-309b1b3e2b36', 'EDU10', 'Tuhin', 'Islam', 'tuhinislam1264@gmail.com', '0789635823', NULL, '2025-12-01', '0143bef0-253b-47cb-953d-40d182c6b669', '1ffb98e0-f75b-436c-baab-a0833f0ba303', 'full_time', 'active', NULL, NULL, NULL, '2025-11-27 11:57:07+00', now(), 'tuhinislam1264@gmail.com', 2000, NULL, NULL, NULL, NULL, NULL, NULL, 'approved', false, false),
  ('0ac1e393-3b87-4253-b812-776960d9cce1', 'f1e6c9a8-6d52-4c96-af0b-13bbde1d4434', 'EDU11', 'Asif Al', 'Masud', 'legalempire2121@gmail.com', '01860714313', NULL, '2025-12-01', '68bea638-df54-4a44-bf00-7ea08093aa51', '9e3cc0ef-86df-472f-b7e9-046d65a9bc30', 'full_time', 'active', NULL, NULL, NULL, '2025-12-02 14:25:14+00', now(), 'asifalmasud2002@gmail.com', 5000, NULL, NULL, NULL, NULL, NULL, NULL, 'approved', false, false),
  ('b5a94ff3-1fe5-4e6f-b309-09f0ce0b62e5', 'affe5e74-1372-4831-bd06-b707ff74d27b', 'EDU12', 'Iqbell', 'Demo', 'iqbell.hossain@ucbstock.com.bd', '8801790117911', NULL, '2025-12-01', 'bd103202-74ea-4278-965e-3782cd49e16c', 'f53020d3-0b65-4bc3-98ac-57634fdfb6c0', 'full_time', 'active', NULL, NULL, NULL, '2025-12-03 05:57:40+00', now(), 'iqbell.hossain@ucbstock.com.bd', 0, NULL, NULL, NULL, NULL, NULL, NULL, 'approved', false, false),
  ('bd165261-c8cc-4b83-aff4-8b2a94b5ce35', '1f739bd0-4322-49cd-87e9-928059b798e4', 'EDU13', 'Rashed', 'Feroze', 'rashed.feroze@icloud.com', '+8801813266418', NULL, '2025-12-01', 'd90d0061-eeab-4119-9b8e-ecafd2051b27', '8dade495-77bc-487f-89bf-5f3ccda7437f', 'full_time', 'active', NULL, NULL, NULL, '2025-12-03 09:58:41+00', now(), 'rashed.feroze@icloud.com', 0, NULL, NULL, NULL, NULL, NULL, NULL, 'approved', false, false),
  ('7ed9cf63-686e-4d28-ad5f-cba246ba18cb', 'a602bd65-b282-42eb-b752-3b18456535f4', 'EDU14', 'MD', 'SOHAG', 'sohag.h0193@gmail.com', '01746839155', NULL, '2025-12-13', 'fa5924be-7e00-4b3b-a040-6d785e83b051', 'dbb3b2cc-4afd-40be-9f5b-49ec62793012', 'full_time', 'active', NULL, NULL, NULL, '2025-12-03 15:06:38+00', now(), 'mdsohag@eduintbd.com', 2000, NULL, NULL, NULL, NULL, NULL, NULL, 'approved', false, false),
  ('0430f7ba-beca-453a-9639-fd784ffce5fb', 'c2651d7d-8865-4ce2-8897-db38a0bddee6', 'EDU15', 'MD.', 'RIDOY ISLAM', 'ridoy@eduintbd.com', '+8801754545199', NULL, '2025-12-16', 'fa5924be-7e00-4b3b-a040-6d785e83b051', 'dbb3b2cc-4afd-40be-9f5b-49ec62793012', 'full_time', 'active', NULL, NULL, NULL, '2025-12-16 14:36:58+00', now(), 'ridoy@eduintbd.com', 0, NULL, NULL, NULL, NULL, NULL, NULL, 'approved', false, false),
  ('b8307b80-a1a5-4e4d-82b8-66776b59fd22', '872fad6d-346b-4664-97d0-9924cdddb800', 'EDU16', 'Rakib', 'Islam', 'rahil04u@gmail.com', '1610343414', NULL, '2025-12-21', NULL, NULL, 'full_time', 'active', NULL, NULL, NULL, '2025-12-21 15:11:53+00', now(), NULL, 0, NULL, NULL, NULL, NULL, NULL, NULL, 'pending', false, false),
  ('2416d1a1-6f49-4b51-b314-3c32e452739a', 'c56356fc-f99e-4047-acbd-63e26c6b1f2a', 'EDU17', 'Rahil', 'Test', 'rahil04utest@gmail.com', '1610343414', NULL, '2025-12-21', NULL, NULL, 'full_time', 'active', NULL, NULL, NULL, '2025-12-21 15:20:48+00', now(), NULL, 0, NULL, NULL, NULL, NULL, NULL, NULL, 'pending', false, false),
  ('79fda9fa-1ec5-4788-9a96-9b707a4e4abd', 'af013c97-3a15-419b-937f-a56b426f192d', 'EDU18', 'Md', 'Hemel', 'hemel@eduintbd.com', '9178263498', NULL, '2026-01-01', '2f761249-107b-4a46-8b35-16d59241922d', 'dbb3b2cc-4afd-40be-9f5b-49ec62793012', 'full_time', 'active', NULL, NULL, NULL, '2026-01-03 19:32:14+00', now(), 'hemel@eduintbd.com', 0, NULL, NULL, NULL, NULL, NULL, NULL, 'approved', false, false),
  ('ceabb750-7323-4646-8670-73e045540823', '8bf1fec3-b59a-48b8-9cac-e3279df32fd1', 'EDU19', 'Abu Bakkar', 'Md Siam', 'siam@eduintbd.com', '01779605767', NULL, '2026-01-14', '0143bef0-253b-47cb-953d-40d182c6b669', 'dbb3b2cc-4afd-40be-9f5b-49ec62793012', 'full_time', 'active', NULL, NULL, NULL, '2026-01-21 07:27:01+00', now(), 'siam@eduintbd.com', 15000, NULL, NULL, NULL, NULL, NULL, NULL, 'approved', false, false),
  ('5aab9ef4-78dc-4218-a65a-932c36b03ab2', 'ef44a924-3715-4932-ade8-0db91a21de63', 'EDU20', 'Admin', 'Herostock', 'admin@herostock.ai', '+8801898934855', NULL, '2026-03-11', NULL, NULL, 'full_time', 'active', NULL, NULL, NULL, '2026-03-11 14:52:40+00', now(), NULL, 0, NULL, NULL, NULL, NULL, NULL, NULL, 'pending', false, false)
ON CONFLICT (id) DO NOTHING;
